1A,Window,Y
1B,Middle,Y
1C,Asile,N
1D,Window,N
1E,Middle,N
1F,Asile,N
2A,Window,Y
2B,Middle,Y
2C,Asile,N
2D,Window,Y
2E,Middle,N
2F,Asile,Y
3A,Window,N
3B,Middle,N
3C,Asile,N
3D,Window,N
3E,Middle,N
3F,Asile,N
4A,Window,N
4B,Middle,Y
4C,Asile,N
4D,Window,Y
4E,Middle,Y
4F,Asile,N
5A,Window,Y
5B,Middle,N
5C,Asile,N
5D,Window,N
5E,Middle,N
5F,Asile,N
6A,Window,Y
6B,Middle,N
6C,Asile,Y
6D,Window,N
6E,Middle,N
6F,Asile,Y
7A,Window,Y
7B,Middle,Y
7C,Asile,Y
7D,Window,N
7E,Middle,N
7F,Asile,N
8A,Window,N
8B,Middle,N
8C,Asile,Y
8D,Window,Y
8E,Middle,Y
8F,Asile,N
9A,Window,N
9B,Middle,N
9C,Asile,N
9D,Window,N
9E,Middle,N
9F,Asile,Y
10A,Windo,Y
10B,Middle,Y
10C,Asile,N
10D,Window,N
10E,Middle,Y
10F,Asile,N
11A,Window,Y
11B,Middle,N
11C,Asile,Y
11D,Window,N
11E,Middle,Y
11F,Asile,N
12A,Window,N
12B,Middle,N
12C,Asile,N
12D,Window,Y
12E,Middle,Y
12F,Asile,Y
13A,Window,N
13B,Middle,N
13C,Asile,N
13D,Window,N
13E,Middle,Y
13F,Asile,Y
14A,Window,Y
14B,Middle,Y
14C,Asile,N
14D,Window,Y
14E,Middle,N
14F,Asile,Y
15A,Window,N
15B,Middle,Y
15C,Asile,N
15D,Window,N
15E,Middle,Y
15F,Asile,Y
16A,Window,N
16B,Middle,N
16C,Asile,N
16D,Window,Y
16E,Middle,N
16F,Asile,N
17A,Window,Y
17B,Middle,N
17C,Asile,Y
17D,Window,N
17E,Middle,Y
17F,Asile,Y
18A,Window,Y
18B,Middle,N
18C,Asile,N
18D,Window,N
18E,Middle,N
18F,Asile,N
19A,Window,N
19B,Middle,Y
19C,Asile,Y
19D,Window,N
19E,Middle,N
19F,Asile,N
20A,Window,N
20B,Middle,N
20C,Asile,N
20D,Window,N
20E,Middle,N
20F,Asile,Y
21A,Window,N
21B,Middle,Y
21C,Asile,N
21D,Window,Y
21E,Middle,N
21F,Asile,Y
22A,Window,Y
22B,Middle,Y
22C,Asile,N
22D,Window,Y
22E,Middle,Y
22F,Asile,N
23A,Window,N
23B,Middle,N
23C,Asile,N
23D,Window,N
23E,Middle,N
23F,Asile,Y
24A,Window,N
24B,Middle,Y
24C,Asile,N
24D,Window,N
24E,Middle,Y
24F,Asile,N
25A,Window,N
25B,Middle,Y
25C,Asile,Y
25D,Window,N
25E,Middle,Y
25F,Asile,N